<?xml version="1.0" encoding="UTF-8"?>
<project-private xmlns="http://www.netbeans.org/ns/project-private/1">
    <editor-bookmarks xmlns="http://www.netbeans.org/ns/editor-bookmarks/2" lastBookmarkId="0"/>
    <open-files xmlns="http://www.netbeans.org/ns/projectui-open-files/2">
        <group>
            <file>file:/D:/Apoorv/FirstProject/resources/views/products/edit.blade.php</file>
            <file>file:/D:/Apoorv/FirstProject/app/Http/Controllers/employeeController.php</file>
            <file>file:/D:/Apoorv/FirstProject/resources/views/products/index.blade.php</file>
            <file>file:/D:/Apoorv/FirstProject/app/Models/product.php</file>
            <file>file:/D:/Apoorv/FirstProject/routes/web.php</file>
            <file>file:/D:/Apoorv/FirstProject/app/Http/Controllers/ProductController.php</file>
            <file>file:/D:/Apoorv/FirstProject/resources/views/products/show.blade.php</file>
        </group>
    </open-files>
</project-private>
